configuration,TP,FP,FN,TN,precision,recall,f1,accuracy
default,10015,6358,6438,5701,0.6116777621694253,0.6087035798942442,0.6101870468531042,0.3512556116722783
treatment_mode,14577,4477,4725,4733,0.765036212868689,0.7552067143301212,0.7600896860986546,0.5112584175084175
