column,precision_improvement_pct,recall_improvement_pct,f1_improvement_pct,accuracy_improvement_pct
processed_intent,-0.49672703591839745,2.3568319043642263,0.9367281356995395,1.8537439789811694
processed_class,88.64524051002452,6.066926897932596,51.56586716167568,89.75557153127247
processed_attributes,222.06192159034464,448.81051357825504,314.9213856619853,529.5774647887323
processed_filter_attributes,132.53367003367003,215.98694567977844,209.66871660877965,214.81481481481478
