precision_improvement_pct,recall_improvement_pct,f1_improvement_pct,accuracy_improvement_pct
25.071771475776778,24.068058620803644,24.566670174111017,45.55167249126311
